Name	Number	Class
USS Dauntless	NCC-01	Conqueror
USS Victory	NCC-02	Conqueror
USS Hercules	NCC-03	Conqueror
USS Protector	NCC-04	Conqueror
USS Crusader	NCC-05	Conqueror
USS Yamato	NCC-06	Yorktown
USS Valley Forge	NCC-07	Yorktown
USS Akagi	NCC-08	Yorktown
USS Hood	NCC-09	Yorktown
USS Potemkin	NCC-10	Yorktown
USS Repulse	NCC-11	Yorktown
USS Rabin	NCC-12	Yorktown
USS Curran	NCC-13	Curran
USS Stiles	NCC-14	Curran
USS Thayer	NCC-15	Curran
USS Sudler	NCC-16	Curran
USS Crusher	NCC-17	Curran
USS Healy	NCC-18	Curran
USS Gauthier	NCC-19	Curran
USS Langer	NCC-20	Curran
USS Hotmer	NCC-21	Curran
USS Perri	NCC-22	Curran
USS Sullivan	NCC-23	Curran
USS Peterson	NCC-24	Curran
USS Kolya	NCC-25	Curran
USS Stephenson	NCC-26	Curran
USS Russell	NCC-27	Curran
USS Conway	NCC-28	Curran
USS Schaefer	NCC-29	Curran
USS Chesapeake	NCC-67	Powhatan
USS Vandalia	NCC-68	Powhatan
USS Catskill	NCC-69	Powhatan
USS Hampton Roads	NCC-70	Powhatan
USS Albemarle	NCC-71	Powhatan
USS Corinth	NCC-72	Powhatan
USS Robert E. Lee	NCC-73	Powhatan
USS Massachusetts	NCC-74	Powhatan
USS Tennessee	NCC-75	Powhatan
USS Florida	NCC-76	Powhatan
USS Minnesota	NCC-77	Powhatan
USS Delaware	NCC-78	Powhatan
USS Atlanta	NCC-79	Powhatan
USS du Pont	NCC-80	Powhatan
USS Appomattox	NCC-81	Powhatan
USS Comet	NCC-125	Comet
USS Meteor	NCC-126	Comet
USS Aurora	NCC-127	Comet
USS Nova	NCC-128	Comet
USS Pulsar	NCC-129	Comet
USS Nebula	NCC-130	Comet
USS Quasar	NCC-131	Comet
USS Eclipse	NCC-132	Comet
USS Equinox	NCC-133	Comet
USS Solstice	NCC-134	Comet
USS Corona	NCC-135	Comet
USS Constellation	NCC-136	Comet
USS Galaxy	NCC-137	Comet
USS Flare	NCC-138	Comet
USS Proxima	NCC-139	Comet
USS Polaris	NCC-140	Comet
USS Zodiac	NCC-141	Comet
USS Mercury	NCC-142	Comet
USS Venus	NCC-143	Comet
USS Luna	NCC-144	Comet
USS Saturn	NCC-145	Comet
USS Uranus	NCC-146	Comet
USS Neptune	NCC-147	Comet
USS Fireball	NCC-148	Fireball
USS Rocket	NCC-149	Fireball
USS Daedalus	NCC-150	Daedalus
USS Icarus	NCC-151	Daedalus
USS Phoenix	NCC-152	Daedalus
USS Valiant	NCC-153	Daedalus
USS Clarke	NCC-154	Daedalus
USS Dakota	NCC-155	Daedalus
USS Proteus	NCC-156	Daedalus
USS Voyager	NCC-157	Daedalus
USS Saladin	NCC-158	Daedalus
USS Diana	NCC-159	Daedalus
USS Carolina	NCC-160	Daedalus
USS Soyuz	NCC-161	Daedalus
USS Apollo	NCC-162	Daedalus
USS Louisiana	NCC-163	Daedalus
USS Torvaldson	NCC-164	Daedalus
USS Sputnik	NCC-165	Daedalus
USS Jefferson	NCC-166	Daedalus
USS Tokyo	NCC-167	Daedalus
USS Arronax	NCC-168	Daedalus
USS Mir	NCC-169	Daedalus
USS Bowman	NCC-170	Daedalus
USS Theodore Roosevelt	NCC-171	Daedalus
USS Dolphin	NCC-172	Daedalus
USS Essex	NCC-173	Daedalus
USS Robinson	NCC-174	Daedalus
USS Frontier	NCC-175	Daedalus
USS Horizon	NCC-176	Daedalus
USS Liberty	NCC-177	Daedalus
USS Asimov	NCC-178	Daedalus
USS Zond	NCC-179	Daedalus
USS Marco Polo	NCC-180	Daedalus
USS Spaulding	NCC-181	Daedalus
USS Lincoln	NCC-182	Daedalus
USS Maury	NCC-183	Daedalus
USS Viking	NCC-184	Daedalus
USS Johnson	NCC-185	Daedalus
USS Shenandoah	NCC-186	Daedalus
USS Nelson	NCC-187	Daedalus
USS Independence	NCC-188	Daedalus
USS Archon	NCC-189	Daedalus
USS Columbia	NCC-190	Daedalus
USS Challenger	NCC-191	Daedalus
USS Discovery	NCC-192	Daedalus
USS Atlantis	NCC-193	Daedalus
USS Endeavor	NCC-194	Daedalus
USS Gaines	NCC-195	Daedalus
USS Venera	NCC-196	Daedalus
USS Buena Vista	NCC-197	Daedalus
USS Cassini	NCC-198	Daedalus
USS Cochrane	NCC-199	Daedalus
USS Fafnir	NCC-213	Dragon
USS Ddraig Goch	NCC-214	Dragon
USS Xiuhcoatl	NCC-215	Dragon
USS Zmey Gorynych	NCC-216	Dragon
USS Tianlong	NCC-217	Dragon
USS Jörmungandr	NCC-218	Dragon
USS Ryūjin	NCC-219	Dragon
USS Aži Dahāka	NCC-220	Dragon
USS Sirrush	NCC-221	Dragon
USS Zilant	NCC-222	Dragon
USS Wasp	NCC-223	Wasp
USS Decatur	NCC-224	Wasp
USS Ranger	NCC-225	Wasp
USS Kearsarge	NCC-226	Wasp
USS Jupiter	NCC-227	Wasp
USS Ericsson	NCC-228	Wasp
USS Cumberland	NCC-229	Wasp
USS Mars	NCC-230	Wasp
USS Holland	NCC-231	Wasp
USS Bushnell	NCC-232	Wasp
USS Armstrong	NCC-233	Wasp
USS Hunley	NCC-234	Wasp
USS Tang	NCC-235	Wasp
USS Nautilus	NCC-236	Wasp
USS Nelson	NCC-237	Wasp
USS Sturgeon **	NCC-238	Wasp
USS Quillback **	NCC-239	Wasp
USS Volador **	NCC-240	Wasp
USS Puffer **	NCC-241	Wasp
USS Tillubee **	NCC-242	Wasp
USS Moskva	NCC-374	Moskva
USS Orion	NCC-375	Moskva
USS Callisto	NCC-376	Moskva
USS Aurora	NCC-377	Moskva
USS Pallas	NCC-378	Moskva
USS Africa	NCC-379	Moskva
USS Thresher	NCC-380	Moskva
USS Osaka	NCC-381	Moskva
USS Johannesburg	NCC-382	Moskva
USS Titan	NCC-383	Moskva
USS Theiss	NCC-384	Moskva
USS Nostromo	NCC-385	Moskva
USS San Francisco	NCC-386	Moskva
USS Gato	NCC-387	Moskva
USS Vincennes	NCC-388	Moskva
USS America	NCC-389	Moskva
USS Von Braun	NCC-390	Moskva
USS Susan Calvin	NCC-391	Moskva
USS Tyrell	NCC-392	Moskva
USS Ganymede	NCC-393	Moskva
USS Metropolis	NCC-394	Moskva
USS Apollo	NCC-395	Moskva
USS Barsoon	NCC-396	Moskva
USS Thunder Child	NCC-397	Moskva
USS Seymour Cray	NCC-398	Moskva
USS McManus	NCC-399	Moskva
USS Wah Chang	NCC-400	Moskva
USS Ingraham	NCC-401	Moskva
USS Vostok	NCC-402	Moskva
USS Shanghai	NCC-403	Moskva
USS Trumbull	NCC-404	Moskva
USS Gagarin	NCC-502	Gagarin
USS Shephard	NCC-503	Gagarin
USS Titov	NCC-504	Gagarin
USS Glenn	NCC-505	Gagarin
USS Grissom	NCC-506	Gagarin
USS Leonov	NCC-507	Gagarin
USS Tereshkova	NCC-508	Gagarin
USS Lovell	NCC-509	Gagarin
USS Komarov	NCC-510	Gagarin
USS Dobrovolsky	NCC-511	Gagarin
USS Borman	NCC-512	Gagarin
USS Collins	NCC-513	Gagarin
USS Christopher	NCC-514	Gagarin
USS Richey	NCC-515	Gagarin
USS Archytas	NCC-516	Gagarin
USS Kai-Fung-Fu	NCC-517	Gagarin
USS Al-Rammah	NCC-518	Gagarin
USS Fontana	NCC-519	Gagarin
USS Haas	NCC-520	Gagarin
USS Hyder Ali	NCC-521	Gagarin
USS Congreve	NCC-522	Gagarin
USS Ruggieri	NCC-523	Gagarin
USS Burney	NCC-524	Gagarin
USS Golightly	NCC-525	Gagarin
USS Goddard	NCC-526	Gagarin
USS Tsiolkovsky	NCC-527	Gagarin
USS Oberth	NCC-528	Gagarin
USS Korolev	NCC-529	Gagarin
USS Sänger	NCC-530	Gagarin
USS Ley	NCC-531	Gagarin
USS Montgolfier	NCC-532	Gagarin
USS Lilienthal	NCC-533	Gagarin
USS Weisskopf	NCC-534	Gagarin
USS Wright	NCC-535	Gagarin
USS Santos-Dumont	NCC-536	Gagarin
USS Zeppelin	NCC-537	Gagarin
USS Sikorsky	NCC-538	Gagarin
USS Bleriot	NCC-539	Gagarin
USS Earhart	NCC-540	Gagarin
USS Yeager	NCC-541	Gagarin
USS Hyperion	NCC-851	Hyperion
USS Athena	NCC-852	Hyperion
USS Iapetus	NCC-853	Hyperion
USS Oceanus	NCC-854	Hyperion
USS Zeus	NCC-855	Hyperion
USS Gaia	NCC-856	Hyperion
USS Theia	NCC-857	Hyperion
USS Rhea	NCC-858	Hyperion
USS Hercules	NCC-859	Hyperion
USS Phoebe	NCC-860	Hyperion
USS Tethys	NCC-861	Hyperion
USS Poseidon	NCC-862	Hyperion
USS Selene	NCC-863	Hyperion
USS Cronus	NCC-864	Hyperion
USS Prometheus	NCC-865	Hyperion
USS Triton	NCC-866	Hyperion
USS Sebastian	NCC-867	Hyperion
USS Miranda	NCC-868	Hyperion
USS Bellerophon	NCC-869	Hyperion
USS Perseus	NCC-870	Hyperion
USS Apollo	NCC-871	Hyperion
USS Pacatrix	NCC-872	Hyperion
USS Cronus	NCC-873	Hyperion
USS Mimas	NCC-874	Hyperion
USS Achilles	NCC-875	Hyperion
USS Paris	NCC-882	Paris
USS Berlin	NCC-883	Paris
USS Madrid	NCC-884	Paris
USS Amsterdam	NCC-885	Paris
USS Roma	NCC-886	Paris
USS Praha	NCC-887	Paris
USS Lisboa	NCC-888	Paris
USS Oslo	NCC-889	Paris
USS Kiev	NCC-890	Paris
USS Bratislava	NCC-891	Paris
USS New York	NCC-892	Paris
USS Houston	NCC-893	Paris
USS Chicago	NCC-894	Paris
USS Miami	NCC-895	Paris
USS Toronto	NCC-896	Paris
USS Movaje	NCC-897	Paris
USS Havana	NCC-898	Paris
USS Rio de Janeiro	NCC-899	Paris
USS Santiago	NCC-900	Paris
USS Sao Paulo	NCC-901	Paris
USS Tripoli	NCC-902	Paris
USS Lagos	NCC-903	Paris
USS Nairobi	NCC-904	Paris
USS Dar es Salaam	NCC-905	Paris
USS Karachi	NCC-906	Paris
USS Delhi	NCC-907	Paris
USS Teheran	NCC-908	Paris
USS Baghdad	NCC-909	Paris
USS Damascus	NCC-910	Paris
USS Amman	NCC-911	Paris
USS Jerusalem	NCC-912	Paris
USS Kabul	NCC-913	Paris
USS Bangkok	NCC-914	Paris
USS Seoul	NCC-915	Paris
USS Shanghai	NCC-916	Paris
USS Beijing	NCC-917	Paris
USS Manila	NCC-918	Paris
USS Tycho City	NCC-919	Paris
USS Port Lowell	NCC-920	Paris
USS Cosmograd	NCC-921	Paris
USS Horizon	NCC-1197	Horizon
USS Odyssey	NCC-1198	Horizon
USS Venture	NCC-1199	Horizon
USS V'Shon-Pal	NCC-1200	Horizon
USS Kumari	NCC-1201	Horizon
USS Beagle	NCC-1202	Horizon
USS Yinghuo	NCC-1203	Horizon
USS Endurance	NCC-1204	Horizon
USS Nadezhda	NCC-1205	Horizon
USS Victoria	NCC-1206	Horizon
USS T'Plana-Hath	NCC-1207	Horizon
USS São Gabriel	NCC-1208	Horizon
USS Lancaster	NCC-1209	Lancaster
USS Merkwürdigliebe	NCC-1210	Lancaster
USS Ticonderoga	NCC-1211	Lancaster
USS Poole	NCC-1212	Lancaster
USS Colossus	NCC-1213	Lancaster
USS Invincible	NCC-1214	Lancaster
USS Ceres	NCC-1215	Lancaster
USS Olympia	NCC-1216	Lancaster
USS Wolfe	NCC-1217	Lancaster
USS The Tracys	NCC-1218	Lancaster
USS Mustang	NCC-1219	Lancaster
USS Pearson	NCC-1220	Lancaster
USS Haldeman	NCC-1221	Lancaster
USS Giraud	NCC-1222	Lancaster
USS Valiant	NCC-1223	Lancaster
USS Capek	NCC-1224	Lancaster
USS Antietam	NCC-1225	Lancaster
USS Eisenhower	NCC-1226	Lancaster
USS Whittle	NCC-1227	Lancaster
USS Alexander Nevsky	NCC-1228	Lancaster
USS Thunderbolt	NCC-1229	Lancaster
USS Ursus	NCC-1230	Lancaster
USS Aristarchus	NCC-1231	Lancaster
USS Hector	NCC-1232	Lancaster
USS Franz Joseph	NCC-1233	Lancaster
USS Unicorn	NCC-1234	Lancaster
USS Chaffee	NCC-1235	Lancaster
USS Lindbergh	NCC-1236	Lancaster
USS Kosciuszko	NCC-1237	Lancaster
USS Jakarta	NCC-1238	Lancaster
USS Koryu	NCC-1239	Lancaster
USS Venkman	NCC-1240	Lancaster
USS London	NCC-1241	Lancaster
USS Burroughs	NCC-1242	Lancaster
USS Illustrious	NCC-1243	Lancaster
USS Oppenheimer	NCC-1244	Lancaster
USS Phoenix	NCC-1245	Lancaster
USS Chandrasekhar	NCC-1246	Lancaster
USS Neptune	NCC-1247	Lancaster
USS Przhevalsky	NCC-1248	Lancaster
USS Singapore	NCC-1249	Lancaster
USS Arronax	NCC-1250	Lancaster
USS Alfred T Mahan	NCC-1251	Lancaster
USS Texas	NCC-1252	Lancaster
USS Churchill	NCC-1253	Lancaster
USS Spitfire	NCC-1254	Lancaster
USS Amundsen	NCC-1255	Lancaster
USS Phantom	NCC-1256	Lancaster
USS India	NCC-1257	Lancaster
USS Spaulding	NCC-1258	Lancaster
USS Swordfish	NCC-1259	Swordfish
USS Barracuda	NCC-1260	Swordfish
USS Stingray	NCC-1261	Swordfish
USS Cachalot	NCC-1262	Swordfish
USS Orca	NCC-1263	Swordfish
USS Narwhal	NCC-1264	Swordfish
USS Lobster	NCC-1265	Swordfish
USS Piranha	NCC-1266	Swordfish
USS Squid	NCC-1267	Swordfish
USS Octopus	NCC-1268	Swordfish
USS Alligator	NCC-1269	Swordfish
USS Hammerhead	NCC-1270	Swordfish
USS Manatee	NCC-1271	Swordfish
USS Coelacanth	NCC-1272	Swordfish
USS Carp	NCC-1273	Swordfish
USS Trilobite	NCC-1274	Swordfish
USS Grampus	NCC-1275	Swordfish
USS Cuttlefish	NCC-1276	Swordfish
USS Placoderm	NCC-1277	Swordfish
USS Walrus	NCC-1278	Swordfish
USS Quetzalcoatl	NCC-1280	Quetzalcoatl
USS Marduk	NCC-1281	Quetzalcoatl
USS Osiris	NCC-1282	Quetzalcoatl
USS Viracocha	NCC-1283	Quetzalcoatl
USS Huascar	NCC-1284	Quetzalcoatl
USS Kestrel	NCC-1406	Kestrel
USS Falcon	NCC-1407	Kestrel
USS Aquila	NCC-1408	Kestrel
USS Warhawk	NCC-1409	Kestrel
USS Kingfisher	NCC-1410	Kestrel
USS Caudiptyrex	NCC-1411	Kestrel
USS Osprey	NCC-1412	Kestrel
USS Vulture	NCC-1413	Kestrel
USS Pelecyornix	NCC-1414	Kestrel
USS Harrier	NCC-1415	Kestrel
USS Roc	NCC-1416	Kestrel
USS Diornis	NCC-1417	Kestrel
USS Harpy	NCC-1418	Kestrel
USS Condor	NCC-1419	Kestrel
USS Krechet	NCC-1420	Kestrel
USS Deinonychus	NCC-1421	Kestrel
USS Kite	NCC-1422	Kestrel
USS Goshawk	NCC-1423	Kestrel
USS Accipiter	NCC-1429	Kestrel
USS Pterodactyl	NCC-1430	Kestrel
USS Rhamphorhynchus	NCC-1431	Kestrel
USS Mononykus	NCC-1432	Kestrel
USS Shrike	NCC-1434	Kestrel
USS Owl	NCC-1435	Kestrel
USS Peregrine	NCC-1436	Kestrel
USS Merlin	NCC-1439	Kestrel
USS Velociraptor	NCC-1442	Kestrel
USS Skua	NCC-1443	Kestrel
USS Hobby	NCC-1444	Kestrel
USS Sparrowhawk	NCC-1445	Kestrel
USS Aryabhatta	NCC-1446	Aryabhatta
USS Prince Henry	NCC-1447	Aryabhatta
USS John Burke	NCC-1448	Aryabhatta
USS Van Allen	NCC-1449	Aryabhatta
USS Herschel	NCC-1450	Aryabhatta
USS Huygens	NCC-1451	Aryabhatta
USS Kepler	NCC-1452	Aryabhatta
USS Lagrange	NCC-1453	Aryabhatta
USS Lowell	NCC-1454	Aryabhatta
USS Maury	NCC-1455	Aryabhatta
USS Omar Khayyam	NCC-1456	Aryabhatta
USS Zheng He	NCC-1457	Aryabhatta
USS Lewis and Clark	NCC-1458	Aryabhatta
USS Amundsen	NCC-1459	Aryabhatta
USS Aristarchus	NCC-1460	Aryabhatta
USS Valley Forge	NCC-1463	Valley Forge
USS Aldrin	NCC-1464	Valley Forge
USS Tigress	NCC-1465	Valley Forge
USS California	NCC-1466	Valley Forge
USS Petrograd	NCC-1467	Valley Forge
USS Cougar	NCC-1468	Valley Forge
USS Independence	NCC-1469	Valley Forge
USS Diana	NCC-1470	Valley Forge
USS Arizona	NCC-1471	Valley Forge
USS O'Bannon	NCC-1472	Valley Forge
USS Tokyo	NCC-1473	Valley Forge
USS Bonderenko	NCC-1474	Valley Forge
USS Europa	NCC-1475	Valley Forge
USS Normandy	NCC-1476	Valley Forge
USS Clarke	NCC-1477	Valley Forge
USS Proteus	NCC-1478	Valley Forge
USS Los Angeles	NCC-1479	Valley Forge
USS Aelita	NCC-1480	Valley Forge
USS Elvgren	NCC-1481	Valley Forge
USS Hong Kong	NCC-1482	Valley Forge
USS Ishtar	NCC-1483	Valley Forge
USS Lafayette	NCC-1484	Valley Forge
USS Yamato	NCC-1485	Valley Forge
USS Vesta	NCC-1486	Valley Forge
USS Masaryk	NCC-1487	Valley Forge
USS Vherenkov	NCC-1488	Valley Forge
USS Oriskany	NCC-1489	Valley Forge
USS Clavius	NCC-1490	Valley Forge
USS Sheridan	NCC-1491	Valley Forge
USS Toklas	NCC-1492	Valley Forge
USS Rattlesnake	NCC-1493	Valley Forge
USS Asaph Hall	NCC-1494	Valley Forge
USS Ripley	NCC-1495	Valley Forge
USS Dallas	NCC-1496	Valley Forge
USS Canberra	NCC-1497	Valley Forge
USS Boxer	NCC-1498	Valley Forge
USS Cheetah	NCC-1499	Valley Forge
USS Artemis	NCC-1500	Valley Forge
USS Scorpion	NCC-1501	Valley Forge
USS Narcissus	NCC-1502	Valley Forge
USS Ganesa	NCC-1503	Valley Forge
USS Dolphin	NCC-1504	Valley Forge
USS Vargas	NCC-1505	Valley Forge
USS Anaconda	NCC-1506	Valley Forge
USS Al-Burak	NCC-1520	Al-Burak
USS Qi'Lin	NCC-1521	Al-Burak
USS Tiamat	NCC-1522	Al-Burak
USS Cyclops	NCC-1523	Al-Burak
USS Garuda	NCC-1524	Al-Burak
USS Griffon	NCC-1525	Al-Burak
USS Manticore	NCC-1526	Al-Burak
USS Chimera	NCC-1527	Al-Burak
USS Gorgon	NCC-1528	Al-Burak
USS Basilisk	NCC-1529	Al-Burak
USS Thunderbird	NCC-1530	Al-Burak
USS Pegasus	NCC-1531	Al-Burak
USS Centaur	NCC-1532	Al-Burak
USS Hydra	NCC-1533	Al-Burak
USS Dragon	NCC-1534	Al-Burak
USS Lamia	NCC-1535	Al-Burak
USS Sphinx	NCC-1536	Al-Burak
USS Naga	NCC-1537	Al-Burak
USS Satyr	NCC-1538	Al-Burak
USS Kappa	NCC-1539	Al-Burak
USS Kraken	NCC-1540	Al-Burak
USS Belleau Wood	NCC-1547	Belleau Wood
USS Veracruz	NCC-1548	Belleau Wood
USS Hellas Planitia	NCC-1549	Belleau Wood
USS Iwo Jima	NCC-1550	Belleau Wood
USS Bougainville	NCC-1551	Belleau Wood
USS Okinawa	NCC-1552	Belleau Wood
USS Quebec	NCC-1553	Belleau Wood
USS Bataan	NCC-1554	Belleau Wood
USS Dieppe	NCC-1555	Belleau Wood
USS Saipan	NCC-1556	Belleau Wood
USS Argonne	NCC-1557	Belleau Wood
USS Tripoli	NCC-1558	Belleau Wood
USS Brandywine	NCC-1559	Belleau Wood
USS Luzon	NCC-1560	Belleau Wood
USS Rodger Young	NCC-1561	Belleau Wood
USS William Mandella	NCC-1562	Belleau Wood
USS Marygay Potter	NCC-1563	Belleau Wood
USS Sevastapol	NCC-1564	Belleau Wood
USS Malta	NCC-1565	Belleau Wood
USS Yadalla	NCC-1566	Belleau Wood
USS Siegfried	NCC-1589	Siegfried
USS Sampson	NCC-1590	Siegfried
USS Beowulf	NCC-1591	Siegfried
USS Perseus	NCC-1592	Siegfried
USS Lysander	NCC-1593	Siegfried
USS Horatio	NCC-1594	Siegfried
USS Hercules	NCC-1595	Siegfried
USS Alexander	NCC-1596	Siegfried
USS Vercingetorix	NCC-1597	Siegfried
USS Gilgamesh	NCC-1598	Siegfried
USS Hector	NCC-1599	Siegfried
USS Musashi	NCC-1600	Siegfried
USS Charlemagne	NCC-1601	Siegfried
USS Shiva	NCC-1602	Siegfried
USS Capella	NCC-S400	Capella
USS Menkalinan	NCC-S401	Capella
USS Alkab	NCC-S402	Capella
USS Alpheratz	NCC-S403	Capella
USS Mirach	NCC-S404	Capella
USS Almach	NCC-S405	Capella
USS Altair	NCC-S406	Capella
USS Hamal	NCC-S407	Capella
USS Sheratan	NCC-S408	Capella
USS Arcturus	NCC-S409	Capella
USS Izar	NCC-S410	Capella
USS Muphrid	NCC-S411	Capella
USS Alphecca	NCC-S412	Capella
USS Sirius	NCC-S413	Capella
USS Mirzam	NCC-S414	Capella
USS Wezen	NCC-S415	Capella
USS Adhara	NCC-S416	Capella
USS Aludra	NCC-S417	Capella
USS Procyon	NCC-S418	Capella
USS Canopus	NCC-S419	Capella
USS Miaplacidus	NCC-S420	Capella
USS Avior	NCC-S421	Capella
USS Aspidiske	NCC-S422	Capella
USS Schedar	NCC-S423	Capella
USS Caph	NCC-S424	Capella
USS Ruchbah	NCC-S425	Capella
USS Rigil Kentaurus	NCC-S426	Capella
USS Muhlifain	NCC-S427	Capella
USS Menkent	NCC-S428	Capella
USS Hadar	NCC-S429	Capella
USS Alderamin	NCC-S430	Capella
USS Menkar	NCC-S431	Capella
USS Diphda	NCC-S432	Capella
USS Phact	NCC-S433	Capella
USS Alchiba	NCC-S434	Capella
USS Kraz	NCC-S435	Capella
USS Acrux	NCC-S436	Capella
USS Mimosa	NCC-S437	Capella
USS Deneb	NCC-S438	Capella
USS Sadr	NCC-S439	Capella
USS Eltanin	NCC-S440	Capella
USS Thuban	NCC-S441	Capella
USS Achenar	NCC-S442	Capella
USS Castor	NCC-S443	Capella
USS Pollux	NCC-S444	Capella
USS Alhena	NCC-S445	Capella
USS Alnair	NCC-S446	Capella
USS Alphaulka	NCC-S447	Capella
USS Alphard	NCC-S448	Capella
USS Regulus	NCC-S449	Capella
USS Denebola	NCC-S450	Capella
USS Algieba	NCC-S451	Capella
USS Zosma	NCC-S452	Capella
USS Arneb	NCC-S453	Capella
USS Zubengenubi	NCC-S454	Capella
USS Zubenschmali	NCC-S455	Capella
USS Kakkab	NCC-S456	Capella
USS Vega	NCC-S457	Capella
USS Rasalhague	NCC-S458	Capella
USS Sabik	NCC-S459	Capella
USS Betelgeuse	NCC-S460	Capella
USS Rigel	NCC-S461	Capella
USS Bellatrix	NCC-S462	Capella
USS Mintaka	NCC-S463	Capella
USS Alnilam	NCC-S464	Capella
USS Alnitak	NCC-S465	Capella
USS Saiph	NCC-S466	Capella
USS Fomalhaut	NCC-S467	Capella
USS Peacock	NCC-S468	Capella
USS Markab	NCC-S469	Capella
USS Scheat	NCC-S470	Capella
USS Mirfak	NCC-S471	Capella
USS Algol	NCC-S472	Capella
USS Atik	NCC-S473	Capella
USS Ankaa	NCC-S474	Capella
USS Naos	NCC-S475	Capella
USS Kaus Australis	NCC-S476	Capella
USS Antares	NCC-S477	Capella
USS Graffias	NCC-S478	Capella
USS Dschubba	NCC-S479	Capella
USS Sargas	NCC-S480	Capella
USS Shaula	NCC-S481	Capella
USS Alascha	NCC-S482	Capella
USS Unukalhai	NCC-S483	Capella
USS Ascella	NCC-S484	Capella
USS Nunki	NCC-S485	Capella
USS Aldebaran	NCC-S486	Capella
USS Elnath	NCC-S487	Capella
USS Atria	NCC-S488	Capella
USS Dubhe	NCC-S489	Capella
USS Merak	NCC-S490	Capella
USS Phecda	NCC-S491	Capella
USS Alioth	NCC-S492	Capella
USS Mizar	NCC-S493	Capella
USS Benetnasch	NCC-S494	Capella
USS Polaris	NCC-S495	Capella
USS Kochab	NCC-S496	Capella
USS Regor	NCC-S497	Capella
USS Suhail	NCC-S498	Capella
USS Spica	NCC-S499	Capella
USS Pyotr Velikiy	NCC-1670	Pyotr Velikiy
USS Shrelev II	NCC-1671	Pyotr Velikiy
USS Yi Sun-Shin	NCC-1672	Pyotr Velikiy
USS John Paul Jones	NCC-1673	Pyotr Velikiy
USS Tav	NCC-1674	Pyotr Velikiy
USS Elizabeth I	NCC-1675	Pyotr Velikiy
USS Atrox	NCC-1676	Pyotr Velikiy
USS Togo	NCC-1677	Pyotr Velikiy
USS Rommel	NCC-1678	Pyotr Velikiy
USS Friedrich Barbarossa	NCC-1679	Pyotr Velikiy
USS Goyathlay	NCC-1680	Pyotr Velikiy
USS Washington	NCC-1681	Pyotr Velikiy
USS Niakenchiis	NCC-1682	Pyotr Velikiy
USS Salah ad-Din	NCC-1683	Pyotr Velikiy
USS Giap	NCC-1684	Pyotr Velikiy
USS Hannibal	NCC-1685	Pyotr Velikiy
USS Zerisshebi	NCC-1686	Pyotr Velikiy
USS De Grasse	NCC-1687	Pyotr Velikiy
USS Rexx	NCC-1688	Pyotr Velikiy
USS Gantu	NCC-1689	Pyotr Velikiy
USS Constitution	NCC-1700	Constitution
USS Enterprise	NCC-1701	Constitution
USS Potemkin	NCC-1702	Constitution
USS Hood	NCC-1703	Constitution
USS Yorktown	NCC-1704	Constitution
USS Excalibur	NCC-1705	Constitution
USS Exeter	NCC-1706	Constitution
USS Valiant	NCC-1707	Constitution
USS Intrepid	NCC-1708	Constitution
USS Lexington	NCC-1709	Constitution
USS Constellation	NCC-1710	Constitution
USS Farragut	NCC-1711	Constitution
USS Bonhomme Richard	NCC-1712	Constitution
USS Monitor	NCC-1713	Constitution
USS Hornet	NCC-1714	Constitution
USS Virginia	NCC-1715	Constitution
USS Kongo	NCC-1716	Constitution
USS Defiant	NCC-1717	Constitution
USS Endeavour	NCC-1718	Constitution
USS Eagle	NCC-1719	Constitution
USS Lafayette	NCC-1720	Constitution
USS Wasp	NCC-1721	Constitution
USS El Dorado	NCC-1722	Constitution
USS Ari	NCC-1723	Constitution
USS Saratoga	NCC-1724	Constitution
USS Tori	NCC-1725	Constitution
USS Krieger	NCC-1726	Constitution
USS Essex	NCC-1727	Constitution
USS Ranger	NCC-1728	Constitution
USS Bunker Hill	NCC-1729	Constitution
USS Lion	NCC-1730	Constitution
USS Implacable	NCC-1731	Constitution
USS Glory	NCC-1732	Constitution
USS Theseus	NCC-1733	Constitution
USS Triumph	NCC-1734	Constitution
USS Ark Royal	NCC-1735	Constitution
USS Warrior	NCC-1736	Constitution
USS Magnificent	NCC-1737	Constitution
USS Argus	NCC-1738	Constitution
USS Bonaventure	NCC-1739	Constitution
USS Clemenceau	NCC-1740	Constitution
USS De Gaulle	NCC-1741	Constitution
USS Foch	NCC-1742	Constitution
USS Arromanches	NCC-1743	Constitution
USS Jeanne D'arc	NCC-1744	Constitution
USS Vikrant	NCC-1745	Constitution
USS Zuikaku	NCC-1746	Constitution
USS Shokaku	NCC-1747	Constitution
USS Kiev	NCC-1748	Constitution
USS Minsk	NCC-1749	Constitution
USS Enterprise	NCC-1701-A	Enterprise
USS Avenger	NCC-D100	Avenger
USS Advisor	NCC-D101	Avenger
USS Ambassador	NCC-D102	Avenger
USS Arbiter	NCC-D103	Avenger
USS Aviator	NCC-D104	Avenger
USS Barker	NCC-D105	Avenger
USS Bounder	NCC-D106	Avenger
USS Bustler	NCC-D107	Avenger
USS Challenger	NCC-D108	Avenger
USS Chancellor	NCC-D109	Avenger
USS Chaser	NCC-D110	Avenger
USS Commander	NCC-D111	Avenger
USS Confounder	NCC-D112	Avenger
USS Conjurer	NCC-D113	Avenger
USS Contender	NCC-D114	Avenger
USS Counselor	NCC-D115	Avenger
USS Courier	NCC-D116	Avenger
USS Dancer	NCC-D117	Avenger
USS Darter	NCC-D118	Avenger
USS Dasher	NCC-D119	Avenger
USS Dazzler	NCC-D120	Avenger
USS Defender	NCC-D121	Avenger
USS Detector	NCC-D122	Avenger
USS Dodger	NCC-D123	Avenger
USS Drummer	NCC-D124	Avenger
USS Engineer	NCC-D125	Avenger
USS Explorer	NCC-D126	Avenger
USS Flasher	NCC-D127	Avenger
USS Flyer	NCC-D128	Avenger
USS Forester	NCC-D129	Avenger
USS Galloper	NCC-D130	Avenger
USS Governor	NCC-D131	Avenger
USS Harbinger	NCC-D132	Avenger
USS Harvester	NCC-D133	Avenger
USS Highlander	NCC-D134	Avenger
USS Igniter	NCC-D135	Avenger
USS Inquisitor	NCC-D136	Avenger
USS Inspector	NCC-D137	Avenger
USS Liberator	NCC-D138	Avenger
USS Marcher	NCC-D139	Avenger
USS Mariner	NCC-D140	Avenger
USS Matador	NCC-D141	Avenger
USS Mentor	NCC-D142	Avenger
USS Messenger	NCC-D143	Avenger
USS Navigator	NCC-D144	Avenger
USS Observer	NCC-D145	Avenger
USS Outlander	NCC-D146	Avenger
USS Pathfinder	NCC-D147	Avenger
USS Patroller	NCC-D148	Avenger
USS Peacemaker	NCC-D149	Avenger
USS Persuader	NCC-D150	Avenger
USS Pioneer	NCC-D151	Avenger
USS Piper	NCC-D152	Avenger
USS Prancer	NCC-D153	Avenger
USS Predictor	NCC-D154	Avenger
USS Protector	NCC-D155	Avenger
USS Provider	NCC-D156	Avenger
USS Questor	NCC-D157	Avenger
USS Racer	NCC-D158	Avenger
USS Reporter	NCC-D159	Avenger
USS Rescuer	NCC-D160	Avenger
USS Responder	NCC-D161	Avenger
USS Revolver	NCC-D162	Avenger
USS Roarer	NCC-D163	Avenger
USS Rover	NCC-D164	Avenger
USS Runner	NCC-D165	Avenger
USS Saviour	NCC-D166	Avenger
USS Schneider	NCC-D167	Avenger
USS Searcher	NCC-D168	Avenger
USS Seeker	NCC-D169	Avenger
USS Senator	NCC-D170	Avenger
USS Skydiver	NCC-D171	Avenger
USS Sorcerer	NCC-D172	Avenger
USS Spangler	NCC-D173	Avenger
USS Sparkler	NCC-D174	Avenger
USS Speaker	NCC-D175	Avenger
USS Speeder	NCC-D176	Avenger
USS Spinner	NCC-D177	Avenger
USS Springer	NCC-D178	Avenger
USS Sprinter	NCC-D179	Avenger
USS Stargazer	NCC-D180	Avenger
USS Strider	NCC-D181	Avenger
USS Strummer	NCC-D182	Avenger
USS Surveyor	NCC-D183	Avenger
USS Temblor	NCC-D184	Avenger
USS Tracker	NCC-D185	Avenger
USS Trailblazer	NCC-D186	Avenger
USS Traveller	NCC-D187	Avenger
USS Trekker	NCC-D188	Avenger
USS Trumpeter	NCC-D189	Avenger
USS Tusker	NCC-D190	Avenger
USS Upholder	NCC-D191	Avenger
USS Venturer	NCC-D192	Avenger
USS Victor	NCC-D193	Avenger
USS Volunteer	NCC-D194	Avenger
USS Voyager	NCC-D195	Avenger
USS Wanderer	NCC-D196	Avenger
USS Windjammer	NCC-D197	Avenger
USS Winner	NCC-D198	Avenger
USS Wrangler	NCC-D199	Avenger
USS Predator	NCC-D200	Predator
USS Aggressor	NCC-D201	Predator
USS Ambusher	NCC-D202	Predator
USS Annihilator	NCC-D203	Predator
USS Archer	NCC-D204	Predator
USS Attacker	NCC-D205	Predator
USS Basher	NCC-D206	Predator
USS Battler	NCC-D207	Predator
USS Berserker	NCC-D208	Predator
USS Biter	NCC-D209	Predator
USS Blaster	NCC-D210	Predator
USS Blazer	NCC-D211	Predator
USS Blocker	NCC-D212	Predator
USS Bombardier	NCC-D213	Predator
USS Boomer	NCC-D214	Predator
USS Brawler	NCC-D215	Predator
USS Breaker	NCC-D216	Predator
USS Bruiser	NCC-D217	Predator
USS Buccaneer	NCC-D218	Predator
USS Cannoneer	NCC-D219	Predator
USS Charger	NCC-D220	Predator
USS Charioteer	NCC-D221	Predator
USS Chevalier	NCC-D222	Predator
USS Conqueror	NCC-D223	Predator
USS Crusader	NCC-D224	Predator
USS Crusher	NCC-D225	Predator
USS Cuirassier	NCC-D226	Predator
USS Devastator	NCC-D227	Predator
USS Disrupter	NCC-D228	Predator
USS Dominator	NCC-D229	Predator
USS Enforcer	NCC-D230	Predator
USS Executor	NCC-D231	Predator
USS Fencer	NCC-D232	Predator
USS Fighter	NCC-D233	Predator
USS Freebooter	NCC-D234	Predator
USS Gladiator	NCC-D235	Predator
USS Grenadier	NCC-D236	Predator
USS Growler	NCC-D237	Predator
USS Gunner	NCC-D238	Predator
USS Hunter	NCC-D239	Predator
USS Hurler	NCC-D240	Predator
USS Hussar	NCC-D241	Predator
USS Infiltrator	NCC-D242	Predator
USS Interceptor	NCC-D243	Predator
USS Intimidator	NCC-D244	Predator
USS Invader	NCC-D245	Predator
USS Jäger	NCC-D246	Predator
USS Jouster	NCC-D247	Predator
USS Lancer	NCC-D248	Predator
USS Marauder	NCC-D249	Predator
USS Mauler	NCC-D250	Predator
USS Musketeer	NCC-D251	Predator
USS Persecutor	NCC-D252	Predator
USS Preserver	NCC-D253	Predator
USS Privateer	NCC-D254	Predator
USS Provocateur	NCC-D255	Predator
USS Punisher	NCC-D256	Predator
USS Pursuer	NCC-D257	Predator
USS Raider	NCC-D258	Predator
USS Ranger	NCC-D259	Predator
USS Raptor	NCC-D260	Predator
USS Rattler	NCC-D261	Predator
USS Ravager	NCC-D262	Predator
USS Resister	NCC-D263	Predator
USS Rocketeer	NCC-D264	Predator
USS Roughrider	NCC-D265	Predator
USS Sapper	NCC-D266	Predator
USS Scorcher	NCC-D267	Predator
USS Sharpshooter	NCC-D268	Predator
USS Sidewinder	NCC-D269	Predator
USS Signaller	NCC-D270	Predator
USS Skirmisher	NCC-D271	Predator
USS Slasher	NCC-D272	Predator
USS Slayer	NCC-D273	Predator
USS Slinger	NCC-D274	Predator
USS Smasher	NCC-D275	Predator
USS Smiter	NCC-D276	Predator
USS Snapper	NCC-D277	Predator
USS Sniper	NCC-D278	Predator
USS Spanker	NCC-D279	Predator
USS Spiker	NCC-D280	Predator
USS Spoiler	NCC-D281	Predator
USS Stalker	NCC-D282	Predator
USS Stinger	NCC-D283	Predator
USS Striker	NCC-D284	Predator
USS Terminator	NCC-D285	Predator
USS Thrasher	NCC-D286	Predator
USS Thriller	NCC-D287	Predator
USS Thruster	NCC-D288	Predator
USS Thumper	NCC-D289	Predator
USS Thunderer	NCC-D290	Predator
USS Tormentor	NCC-D291	Predator
USS Trapper	NCC-D292	Predator
USS Trooper	NCC-D293	Predator
USS Trouncer	NCC-D294	Predator
USS Usurper	NCC-D295	Predator
USS Vanquisher	NCC-D296	Predator
USS Vindicator	NCC-D297	Predator
USS Warrior	NCC-D298	Predator
USS Wrestler	NCC-D299	Predator
USS Furious	NCC-2370	Furious
USS Glorious	NCC-2371	Furious
USS Horrible	NCC-2372	Furious
USS Merciless	NCC-2373	Furious
USS Relentless	NCC-2374	Furious
USS Terrible	NCC-2375	Furious
USS Savage	NCC-2376	Furious
USS Spiteful	NCC-2377	Furious
USS Audacious	NCC-2378	Furious
USS Dauntless	NCC-2379	Furious
USS Majestic	NCC-2380	Furious
USS Swiftsure	NCC-2381	Furious
USS Superb	NCC-2382	Furious
USS Peerless	NCC-2383	Furious
USS Courageous	NCC-2384	Furious
USS Invincible	NCC-2385	Furious
USS Inflexible	NCC-2386	Furious
USS Brilliant	NCC-2387	Furious
USS Triumphant	NCC-2388	Furious
USS Vigilant	NCC-2389	Furious
USS Resolute	NCC-2390	Furious
USS Splendid	NCC-2391	Furious
USS Vengeful	NCC-2392	Furious
USS Formidable	NCC-2393	Furious
USS Indomitable	NCC-2394	Furious
USS Tenacious	NCC-2395	Furious
USS Spectre	?	Spectre
USS Banshee	#6	Spectre
USS Yurei	?	Spectre
USS Eidolon	?	Spectre
USS Wraith	?	Spectre
USS Phantom	?	Spectre
USS Shadow	?	Spectre
USS Dukhi	?	Spectre
USS Spirit	?	Spectre
USS Umbra	?	Spectre
USS Mrakzhil	?	Spectre
USS Olympus Mons	NCC-T1	Olympus Mons
USS Ishtar Terra	NCC-T2	Olympus Mons
USS Ra Patera	NCC-T3	Olympus Mons
USS Pavonis Mons	NCC-T4	Olympus Mons
USS Aphrodite Terra	NCC-T5	Olympus Mons
USS Coprates	NCC-T6	Olympus Mons
USS Syria Planum	NCC-T7	Olympus Mons
USS Montes Haemus	NCC-T8	Olympus Mons
USS Elysium Montes	NCC-T9	Olympus Mons
USS Colima	NCC-T10	Olympus Mons
USS Aonia Terra	NCC-T11	Olympus Mons
USS Montes Alpes	NCC-T12	Olympus Mons
USS Aconcagua	NCC-T13	Olympus Mons
USS Erebus	NCC-T14	Olympus Mons
USS Apis Tholus	NCC-T15	Olympus Mons
USS Himalchuli	NCC-T16	Olympus Mons
USS Vesuvius	NCC-T17	Olympus Mons
USS Theia Mons	NCC-T18	Olympus Mons
USS Kamet	NCC-T19	Olympus Mons
USS Mount Rainier	NCC-T20	Olympus Mons
USS St. Helens	NCC-T21	Olympus Mons
USS Var Mons	NCC-T22	Olympus Mons
USS Kungur	NCC-T23	Olympus Mons
USS Grossglockner	NCC-T24	Olympus Mons
USS Anoa	NCC-T25	Bison
USS Apis	NCC-T26	Bison
USS Aurochs	NCC-T27	Bison
USS Buffalo	NCC-T28	Bison
USS Drong	NCC-T29	Bison
USS Gaur	NCC-T30	Bison
USS Hathor	NCC-T31	Bison
USS Mnevis	NCC-T32	Bison
USS Nandi	NCC-T33	Bison
USS Nilgai	NCC-T34	Bison
USS Oomingmak	NCC-T35	Bison
USS Re'em	NCC-T36	Bison
USS Shũr	NCC-T37	Bison
USS Tamaraw	NCC-T38	Bison
USS Tatanka	NCC-T39	Bison
USS Ughuz	NCC-T40	Bison
USS Urusaba	NCC-T41	Bison
USS Vrishan	NCC-T42	Bison
USS Wisent	NCC-T43	Bison
USS Żubr	NCC-T44	Bison
USS Morse	NCC-R1	Marconi
USS Popov	NCC-R2	Marconi
USS Siemens	NCC-R3	Marconi
USS Tesla	NCC-R4	Marconi
USS Doppler	NCC-R5	Marconi
USS Rines	NCC-R6	Marconi
USS Alexanderson	NCC-R7	Marconi
USS Fessenden	NCC-R8	Marconi
USS Ørsted	NCC-R9	Marconi
USS Baviera	NCC-R10	Marconi
USS Baker	NCC-G1	Reid Fleming
USS Davis	NCC-G2	Reid Fleming
USS Gillam	NCC-G3	Reid Fleming
USS Newcomb	NCC-G4	Reid Fleming
USS Payne	NCC-G5	Reid Fleming
USS Williams	NCC-G6	Reid Fleming
USS DeMarco	NCC-G7	Reid Fleming
USS Adriatic	NCC-T45	Ocean
USS Aegean	NCC-T46	Ocean
USS Amundsen	NCC-T46	Ocean
USS Andaman	NCC-T48	Ocean
USS Antarctic	NCC-T49	Ocean
USS Arabian	NCC-T50	Ocean
USS Arafura	NCC-T51	Ocean
USS Aral	NCC-T52	Ocean
USS Arctic	NCC-T53	Ocean
USS Atlantic	NCC-T54	Ocean
USS Azov	NCC-T55	Ocean
USS Baltic	NCC-T56	Ocean
USS Banda	NCC-T57	Ocean
USS Barents	NCC-T58	Ocean
USS Beaufort	NCC-T59	Ocean
USS Bellinghausen	NCC-T60	Ocean
USS Bering	NCC-T61	Ocean
USS Bismarck	NCC-T62	Ocean
USS Black	NCC-T63	Ocean
USS Bohai	NCC-T64	Ocean
USS Caspian	NCC-T65	Ocean
USS Celebes	NCC-T66	Ocean
USS Chukchi	NCC-T67	Ocean
USS Coral	NCC-T68	Ocean
USS Galilee	NCC-T69	Ocean
USS Hamahera	NCC-T70	Ocean
USS Indian	NCC-T71	Ocean
USS Ionian	NCC-T72	Ocean
USS Java	NCC-T73	Ocean
USS Labrador	NCC-T74	Ocean
USS Mediterranean	NCC-T75	Ocean
USS Molucca	NCC-T76	Ocean
USS Okhotsk	NCC-T77	Ocean
USS Opal	NCC-T78	Ocean
USS Pacific	NCC-T79	Ocean
USS Ross	NCC-T80	Ocean
USS Salton	NCC-T81	Ocean
USS Sargasso	NCC-T82	Ocean
USS Savu	NCC-T83	Ocean
USS Serenity	NCC-T84	Ocean
USS Solomon	NCC-T85	Ocean
USS Sulu	NCC-T86	Ocean
USS Tasman	NCC-T87	Ocean
USS Tethys	NCC-T88	Ocean
USS Thracian	NCC-T89	Ocean
USS Timor	NCC-T90	Ocean
USS Tranquility	NCC-T91	Ocean
USS Tyrrhenian	NCC-T92	Ocean
USS Voroth	NCC-T93	Ocean
USS Weddell	NCC-T94	Ocean
USS Al Awwa	NCC-T96	Constellation
USS Al Jabbar	NCC-T97	Constellation
USS Al Rami	NCC-T98	Constellation
USS Andromeda	NCC-T99	Constellation
USS Aquarius	NCC-T100	Constellation
USS Ardra	NCC-T101	Constellation
USS Aries	NCC-T102	Constellation
USS Ashlesha	NCC-T103	Constellation
USS Ashvini	NCC-T104	Constellation
USS Auriga	NCC-T105	Constellation
USS Bái Hǔ	NCC-T106	Constellation
USS Bharani	NCC-T107	Constellation
USS Bushgali	NCC-T108	Constellation
USS Cassiopeia	NCC-T109	Constellation
USS Centaurus	NCC-T110	Constellation
USS Cepheus	NCC-T111	Constellation
USS Cetus	NCC-T112	Constellation
USS Chitra	NCC-T113	Constellation
USS Cipactli	NCC-T114	Constellation
USS Cygnus	NCC-T115	Constellation
USS Draco	NCC-T116	Constellation
USS Eridanus	NCC-T117	Constellation
USS Gemini	NCC-T118	Constellation
USS Girtab	NCC-T119	Constellation
USS Gutanna	NCC-T120	Constellation
USS Hasta	NCC-T121	Constellation
USS Jyeshtha	NCC-T122	Constellation
USS Karkata	NCC-T123	Constellation
USS Krittika	NCC-T124	Constellation
USS Leo	NCC-T125	Constellation
USS Lepus	NCC-T126	Constellation
USS Lyra	NCC-T127	Constellation
USS Mato Tipila	NCC-T128	Constellation
USS Melqart	NCC-T129	Constellation
USS Meskheitu	NCC-T130	Constellation
USS Mrigashirsha	NCC-T131	Constellation
USS Nape	NCC-T132	Constellation
USS Neshr	NCC-T133	Constellation
USS Ophiuchus	NCC-T134	Constellation
USS Pisces	NCC-T135	Constellation
USS Punarvasu	NCC-T136	Constellation
USS Qīng Lóng	NCC-T137	Constellation
USS Rhohini	NCC-T138	Constellation
USS Shravana	NCC-T139	Constellation
USS Tayamni	NCC-T140	Constellation
USS Tianquiztli	NCC-T141	Constellation
USS Ursa Major	NCC-T142	Constellation
USS Uruanna	NCC-T143	Constellation
USS Xuán Wǔ	NCC-T144	Constellation
USS Zhū Què	NCC-T145	Constellation
USS Ægir	NCC-T184	Giant
USS Alcyoneus	NCC-T185	Giant
USS Antaeus	NCC-T186	Giant
USS Argus Panoptes	NCC-T187	Giant
USS Asteria	NCC-T188	Giant
USS Balor	NCC-T189	Giant
USS Basajaun	NCC-T190	Giant
USS Baugi	NCC-T191	Giant
USS Bendigeidfran	NCC-T192	Giant
USS Bergelmir	NCC-T193	Giant
USS Bestla	NCC-T194	Giant
USS Bevis	NCC-T195	Giant
USS Bochica	NCC-T196	Giant
USS Briareus	NCC-T197	Giant
USS Brontes	NCC-T198	Giant
USS Býleistr	NCC-T199	Giant
USS Chahnameed	NCC-T200	Giant
USS Coeus	NCC-T201	Giant
USS Cottus	NCC-T202	Giant
USS Cronus	NCC-T203	Giant
USS Dehotgohsgayeh	NCC-T204	Giant
USS Egdir	NCC-T205	Giant
USS Enceladus	NCC-T206	Giant
USS Eos	NCC-T207	Giant
USS Eurytus	NCC-T208	Giant
USS Farbuati	NCC-T209	Giant
USS Fezzik	NCC-T210	Giant
USS Fornjót	NCC-T211	Giant
USS Ga-Oh	NCC-T212	Giant
USS Gawr Madoc	NCC-T213	Giant
USS Geryon	NCC-T214	Giant
USS Goliath	NCC-T215	Giant
USS Gridr	NCC-T216	Giant
USS Gyges	NCC-T217	Giant
USS Haduigona	NCC-T218	Giant
USS Hayicanako	NCC-T219	Giant
USS Hecate	NCC-T220	Giant
USS Hrym	NCC-T221	Giant
USS Hsing-T'ien	NCC-T222	Giant
USS Hymir	NCC-T223	Giant
USS Idris	NCC-T224	Giant
USS Inugpasugssuk	NCC-T225	Giant
USS Járnsaxa	NCC-T226	Giant
USS Kalevipoeg	NCC-T227	Giant
USS Kapre	NCC-T228	Giant
USS Kari	NCC-T229	Giant
USS Kawharu	NCC-T230	Giant
USS Kiharoa	NCC-T231	Giant
USS Kua Fu	NCC-T232	Giant
USS Logi	NCC-T233	Giant
USS Lumakaka	NCC-T234	Giant
USS Manzasiri	NCC-T235	Giant
USS Masaw	NCC-T236	Giant
USS Maushop	NCC-T237	Giant
USS Mbomba	NCC-T238	Giant
USS Muchukunda	NCC-T239	Giant
USS Nalmuqtse	NCC-T240	Giant
USS Nandimithra	NCC-T241	Giant
USS Nigelung	NCC-T242	Giant
USS Pan-gu	NCC-T243	Giant
USS Paul Bunyan	NCC-T244	Giant
USS Polybotes	NCC-T245	Giant
USS Polyphemus	NCC-T246	Giant
USS Porphyrion	NCC-T247	Giant
USS Quant	NCC-T248	Giant
USS Riiki	NCC-T249	Giant
USS Rongokako	NCC-T250	Giant
USS Schilbung	NCC-T251	Giant
USS Searbhan	NCC-T252	Giant
USS Sgrolma	NCC-T253	Giant
USS Sinmara	NCC-T254	Giant
USS Skrymsli	NCC-T255	Giant
USS Starkadr	NCC-T256	Giant
USS Steropes	NCC-T257	Giant
USS Surtr	NCC-T258	Giant
USS Svyatogor	NCC-T259	Giant
USS Talos	NCC-T260	Giant
USS Themis	NCC-T261	Giant
USS Thiassi	NCC-T262	Giant
USS Thotsakhirithon	NCC-T263	Giant
USS Thrymr	NCC-T264	Giant
USS Tork	NCC-T265	Giant
USS Tsul'Kalu	NCC-T266	Giant
USS Tui Delai Gau	NCC-T267	Giant
USS Uath	NCC-T268	Giant
USS Ullikummi	NCC-T269	Giant
USS Upelleri	NCC-T270	Giant
USS Vafthrudnir	NCC-T271	Giant
USS Vorys-Mort	NCC-T272	Giant
USS Vrikodara	NCC-T273	Giant
USS Waziya	NCC-T274	Giant
USS Weiland	NCC-T275	Giant
USS Wikramadatta	NCC-T276	Giant
USS Winalagalis	NCC-T277	Giant
USS Wulgaru	NCC-T278	Giant
USS Xelhua	NCC-T279	Giant
USS Ymir	NCC-T280	Giant
USS Ysbadden	NCC-T281	Giant
USS Yulu Yulara	NCC-T282	Giant
USS Zipacna	NCC-T283	Giant